"","Survived","Pclass","Sex","Age","SibSp","Parch","Fare","Cabin","Embarked","Age_Segmented","Fare_Segmented","Name","Family_Size","Family_Segmented"
"1","0","3","male",22,1,0,7.25,"N","S","21-30","0-8","Mr.",2,"SmallFam"
"2","1","1","female",38,1,0,71.2833,"C","C","31-40","31-99","Mrs.",2,"SmallFam"
"3","1","3","female",26,0,0,7.925,"N","S","21-30","0-8","Miss.",1,"Single"
"4","1","1","female",35,1,0,53.1,"C","S","31-40","31-99","Mrs.",2,"SmallFam"
"5","0","3","male",35,0,0,8.05,"N","S","31-40","8-15","Mr.",1,"Single"
"6","0","3","male",28,0,0,8.4583,"N","Q","21-30","8-15","Mr.",1,"Single"
"7","0","1","male",54,0,0,51.8625,"E","S","51-60","31-99","Mr.",1,"Single"
"8","0","3","male",2,3,1,21.075,"N","S","0-10","15-31","Master.",5,"MediumFam"
"9","1","3","female",27,0,2,11.1333,"N","S","21-30","8-15","Mrs.",3,"SmallFam"
"10","1","2","female",14,1,0,30.0708,"N","C","11-20","15-31","Mrs.",2,"SmallFam"
"11","1","3","female",4,1,1,16.7,"G","S","0-10","15-31","Miss.",3,"SmallFam"
"12","1","1","female",58,0,0,26.55,"C","S","51-60","15-31","Miss.",1,"Single"
"13","0","3","male",20,0,0,8.05,"N","S","11-20","8-15","Mr.",1,"Single"
"14","0","3","male",39,1,5,31.275,"N","S","31-40","31-99","Mr.",7,"LargeFam"
"15","0","3","female",14,0,0,7.8542,"N","S","11-20","0-8","Miss.",1,"Single"
"16","1","2","female",55,0,0,16,"N","S","51-60","15-31","Mrs.",1,"Single"
"17","0","3","male",2,4,1,29.125,"N","Q","0-10","15-31","Master.",6,"LargeFam"
"18","1","2","male",28,0,0,13,"N","S","21-30","8-15","Mr.",1,"Single"
"19","0","3","female",31,1,0,18,"N","S","31-40","15-31","Mrs.",2,"SmallFam"
"20","1","3","female",27,0,0,7.225,"N","C","21-30","0-8","Mrs.",1,"Single"
"21","0","2","male",35,0,0,26,"N","S","31-40","15-31","Mr.",1,"Single"
"22","1","2","male",34,0,0,13,"D","S","31-40","8-15","Mr.",1,"Single"
"23","1","3","female",15,0,0,8.0292,"N","Q","11-20","8-15","Miss.",1,"Single"
"24","1","1","male",28,0,0,35.5,"A","S","21-30","31-99","Mr.",1,"Single"
"25","0","3","female",8,3,1,21.075,"N","S","0-10","15-31","Miss.",5,"MediumFam"
"26","1","3","female",38,1,5,31.3875,"N","S","31-40","31-99","Mrs.",7,"LargeFam"
"27","0","3","male",28,0,0,7.225,"N","C","21-30","0-8","Mr.",1,"Single"
"28","0","1","male",19,3,2,263,"C","S","11-20","200-600","Mr.",6,"LargeFam"
"29","1","3","female",27,0,0,7.8792,"N","Q","21-30","0-8","Miss.",1,"Single"
"30","0","3","male",28,0,0,7.8958,"N","S","21-30","0-8","Mr.",1,"Single"
"31","0","1","male",40,0,0,27.7208,"N","C","31-40","15-31","Otros.",1,"Single"
"32","1","1","female",27,1,0,146.5208,"B","C","21-30","99-200","Mrs.",2,"SmallFam"
"33","1","3","female",27,0,0,7.75,"N","Q","21-30","0-8","Miss.",1,"Single"
"34","0","2","male",66,0,0,10.5,"N","S","61-70","8-15","Mr.",1,"Single"
"35","0","1","male",28,1,0,82.1708,"N","C","21-30","31-99","Mr.",2,"SmallFam"
"36","0","1","male",42,1,0,52,"N","S","41-50","31-99","Mr.",2,"SmallFam"
"37","1","3","male",28,0,0,7.2292,"N","C","21-30","0-8","Mr.",1,"Single"
"38","0","3","male",21,0,0,8.05,"N","S","21-30","8-15","Mr.",1,"Single"
"39","0","3","female",18,2,0,18,"N","S","11-20","15-31","Miss.",3,"SmallFam"
"40","1","3","female",14,1,0,11.2417,"N","C","11-20","8-15","Miss.",2,"SmallFam"
"41","0","3","female",40,1,0,9.475,"N","S","31-40","8-15","Mrs.",2,"SmallFam"
"42","0","2","female",27,1,0,21,"N","S","21-30","15-31","Mrs.",2,"SmallFam"
"43","0","3","male",28,0,0,7.8958,"N","C","21-30","0-8","Mr.",1,"Single"
"44","1","2","female",3,1,2,41.5792,"N","C","0-10","31-99","Miss.",4,"MediumFam"
"45","1","3","female",19,0,0,7.8792,"N","Q","11-20","0-8","Miss.",1,"Single"
"46","0","3","male",28,0,0,8.05,"N","S","21-30","8-15","Mr.",1,"Single"
"47","0","3","male",28,1,0,15.5,"N","Q","21-30","15-31","Mr.",2,"SmallFam"
"48","1","3","female",27,0,0,7.75,"N","Q","21-30","0-8","Miss.",1,"Single"
"49","0","3","male",28,2,0,21.6792,"N","C","21-30","15-31","Mr.",3,"SmallFam"
"50","0","3","female",18,1,0,17.8,"N","S","11-20","15-31","Mrs.",2,"SmallFam"
"51","0","3","male",7,4,1,39.6875,"N","S","0-10","31-99","Master.",6,"LargeFam"
"52","0","3","male",21,0,0,7.8,"N","S","21-30","0-8","Mr.",1,"Single"
"53","1","1","female",49,1,0,76.7292,"D","C","41-50","31-99","Mrs.",2,"SmallFam"
"54","1","2","female",29,1,0,26,"N","S","21-30","15-31","Mrs.",2,"SmallFam"
"55","0","1","male",65,0,1,61.9792,"B","C","61-70","31-99","Mr.",2,"SmallFam"
"56","1","1","male",28,0,0,35.5,"C","S","21-30","31-99","Mr.",1,"Single"
"57","1","2","female",21,0,0,10.5,"N","S","21-30","8-15","Miss.",1,"Single"
"58","0","3","male",28.5,0,0,7.2292,"N","C","21-30","0-8","Mr.",1,"Single"
"59","1","2","female",5,1,2,27.75,"N","S","0-10","15-31","Miss.",4,"MediumFam"
"60","0","3","male",11,5,2,46.9,"N","S","11-20","31-99","Master.",8,"LargeFam"
"61","0","3","male",22,0,0,7.2292,"N","C","21-30","0-8","Mr.",1,"Single"
"62","1","1","female",38,0,0,80,"B","S","31-40","31-99","Miss.",1,"Single"
"63","0","1","male",45,1,0,83.475,"C","S","41-50","31-99","Mr.",2,"SmallFam"
"64","0","3","male",4,3,2,27.9,"N","S","0-10","15-31","Master.",6,"LargeFam"
"65","0","1","male",28,0,0,27.7208,"N","C","21-30","15-31","Mr.",1,"Single"
"66","1","3","male",28,1,1,15.2458,"N","C","21-30","15-31","Master.",3,"SmallFam"
"67","1","2","female",29,0,0,10.5,"F","S","21-30","8-15","Mrs.",1,"Single"
"68","0","3","male",19,0,0,8.1583,"N","S","11-20","8-15","Mr.",1,"Single"
"69","1","3","female",17,4,2,7.925,"N","S","11-20","0-8","Miss.",7,"LargeFam"
"70","0","3","male",26,2,0,8.6625,"N","S","21-30","8-15","Mr.",3,"SmallFam"
"71","0","2","male",32,0,0,10.5,"N","S","31-40","8-15","Mr.",1,"Single"
"72","0","3","female",16,5,2,46.9,"N","S","11-20","31-99","Miss.",8,"LargeFam"
"73","0","2","male",21,0,0,73.5,"N","S","21-30","31-99","Mr.",1,"Single"
"74","0","3","male",26,1,0,14.4542,"N","C","21-30","8-15","Mr.",2,"SmallFam"
"75","1","3","male",32,0,0,56.4958,"N","S","31-40","31-99","Mr.",1,"Single"
"76","0","3","male",25,0,0,7.65,"F","S","21-30","0-8","Mr.",1,"Single"
"77","0","3","male",28,0,0,7.8958,"N","S","21-30","0-8","Mr.",1,"Single"
"78","0","3","male",28,0,0,8.05,"N","S","21-30","8-15","Mr.",1,"Single"
"79","1","2","male",0.83,0,2,29,"N","S","0-10","15-31","Master.",3,"SmallFam"
"80","1","3","female",30,0,0,12.475,"N","S","21-30","8-15","Miss.",1,"Single"
"81","0","3","male",22,0,0,9,"N","S","21-30","8-15","Mr.",1,"Single"
"82","1","3","male",29,0,0,9.5,"N","S","21-30","8-15","Mr.",1,"Single"
"83","1","3","female",27,0,0,7.7875,"N","Q","21-30","0-8","Miss.",1,"Single"
"84","0","1","male",28,0,0,47.1,"N","S","21-30","31-99","Mr.",1,"Single"
"85","1","2","female",17,0,0,10.5,"N","S","11-20","8-15","Miss.",1,"Single"
"86","1","3","female",33,3,0,15.85,"N","S","31-40","15-31","Mrs.",4,"MediumFam"
"87","0","3","male",16,1,3,34.375,"N","S","11-20","31-99","Mr.",5,"MediumFam"
"88","0","3","male",28,0,0,8.05,"N","S","21-30","8-15","Mr.",1,"Single"
"89","1","1","female",23,3,2,263,"C","S","21-30","200-600","Miss.",6,"LargeFam"
"90","0","3","male",24,0,0,8.05,"N","S","21-30","8-15","Mr.",1,"Single"
"91","0","3","male",29,0,0,8.05,"N","S","21-30","8-15","Mr.",1,"Single"
"92","0","3","male",20,0,0,7.8542,"N","S","11-20","0-8","Mr.",1,"Single"
"93","0","1","male",46,1,0,61.175,"E","S","41-50","31-99","Mr.",2,"SmallFam"
"94","0","3","male",26,1,2,20.575,"N","S","21-30","15-31","Mr.",4,"MediumFam"
"95","0","3","male",59,0,0,7.25,"N","S","51-60","0-8","Mr.",1,"Single"
"96","0","3","male",28,0,0,8.05,"N","S","21-30","8-15","Mr.",1,"Single"
"97","0","1","male",71,0,0,34.6542,"A","C","71-80","31-99","Mr.",1,"Single"
"98","1","1","male",23,0,1,63.3583,"D","C","21-30","31-99","Mr.",2,"SmallFam"
"99","1","2","female",34,0,1,23,"N","S","31-40","15-31","Mrs.",2,"SmallFam"
"100","0","2","male",34,1,0,26,"N","S","31-40","15-31","Mr.",2,"SmallFam"
"101","0","3","female",28,0,0,7.8958,"N","S","21-30","0-8","Miss.",1,"Single"
"102","0","3","male",28,0,0,7.8958,"N","S","21-30","0-8","Mr.",1,"Single"
"103","0","1","male",21,0,1,77.2875,"D","S","21-30","31-99","Mr.",2,"SmallFam"
"104","0","3","male",33,0,0,8.6542,"N","S","31-40","8-15","Mr.",1,"Single"
"105","0","3","male",37,2,0,7.925,"N","S","31-40","0-8","Mr.",3,"SmallFam"
"106","0","3","male",28,0,0,7.8958,"N","S","21-30","0-8","Mr.",1,"Single"
"107","1","3","female",21,0,0,7.65,"N","S","21-30","0-8","Miss.",1,"Single"
"108","1","3","male",28,0,0,7.775,"N","S","21-30","0-8","Mr.",1,"Single"
"109","0","3","male",38,0,0,7.8958,"N","S","31-40","0-8","Mr.",1,"Single"
"110","1","3","female",27,1,0,24.15,"N","Q","21-30","15-31","Miss.",2,"SmallFam"
"111","0","1","male",47,0,0,52,"C","S","41-50","31-99","Mr.",1,"Single"
"112","0","3","female",14.5,1,0,14.4542,"N","C","11-20","8-15","Miss.",2,"SmallFam"
"113","0","3","male",22,0,0,8.05,"N","S","21-30","8-15","Mr.",1,"Single"
"114","0","3","female",20,1,0,9.825,"N","S","11-20","8-15","Miss.",2,"SmallFam"
"115","0","3","female",17,0,0,14.4583,"N","C","11-20","8-15","Miss.",1,"Single"
"116","0","3","male",21,0,0,7.925,"N","S","21-30","0-8","Mr.",1,"Single"
"117","0","3","male",70.5,0,0,7.75,"N","Q","71-80","0-8","Mr.",1,"Single"
"118","0","2","male",29,1,0,21,"N","S","21-30","15-31","Mr.",2,"SmallFam"
"119","0","1","male",24,0,1,247.5208,"B","C","21-30","200-600","Mr.",2,"SmallFam"
"120","0","3","female",2,4,2,31.275,"N","S","0-10","31-99","Miss.",7,"LargeFam"
"121","0","2","male",21,2,0,73.5,"N","S","21-30","31-99","Mr.",3,"SmallFam"
"122","0","3","male",28,0,0,8.05,"N","S","21-30","8-15","Mr.",1,"Single"
"123","0","2","male",32.5,1,0,30.0708,"N","C","31-40","15-31","Mr.",2,"SmallFam"
"124","1","2","female",32.5,0,0,13,"E","S","31-40","8-15","Miss.",1,"Single"
"125","0","1","male",54,0,1,77.2875,"D","S","51-60","31-99","Mr.",2,"SmallFam"
"126","1","3","male",12,1,0,11.2417,"N","C","11-20","8-15","Master.",2,"SmallFam"
"127","0","3","male",28,0,0,7.75,"N","Q","21-30","0-8","Mr.",1,"Single"
"128","1","3","male",24,0,0,7.1417,"N","S","21-30","0-8","Mr.",1,"Single"
"129","1","3","female",27,1,1,22.3583,"F","C","21-30","15-31","Miss.",3,"SmallFam"
"130","0","3","male",45,0,0,6.975,"N","S","41-50","0-8","Mr.",1,"Single"
"131","0","3","male",33,0,0,7.8958,"N","C","31-40","0-8","Mr.",1,"Single"
"132","0","3","male",20,0,0,7.05,"N","S","11-20","0-8","Mr.",1,"Single"
"133","0","3","female",47,1,0,14.5,"N","S","41-50","8-15","Mrs.",2,"SmallFam"
"134","1","2","female",29,1,0,26,"N","S","21-30","15-31","Mrs.",2,"SmallFam"
"135","0","2","male",25,0,0,13,"N","S","21-30","8-15","Mr.",1,"Single"
"136","0","2","male",23,0,0,15.0458,"N","C","21-30","15-31","Mr.",1,"Single"
"137","1","1","female",19,0,2,26.2833,"D","S","11-20","15-31","Miss.",3,"SmallFam"
"138","0","1","male",37,1,0,53.1,"C","S","31-40","31-99","Mr.",2,"SmallFam"
"139","0","3","male",16,0,0,9.2167,"N","S","11-20","8-15","Mr.",1,"Single"
"140","0","1","male",24,0,0,79.2,"B","C","21-30","31-99","Mr.",1,"Single"
"141","0","3","female",27,0,2,15.2458,"N","C","21-30","15-31","Mrs.",3,"SmallFam"
"142","1","3","female",22,0,0,7.75,"N","S","21-30","0-8","Miss.",1,"Single"
"143","1","3","female",24,1,0,15.85,"N","S","21-30","15-31","Mrs.",2,"SmallFam"
"144","0","3","male",19,0,0,6.75,"N","Q","11-20","0-8","Mr.",1,"Single"
"145","0","2","male",18,0,0,11.5,"N","S","11-20","8-15","Mr.",1,"Single"
"146","0","2","male",19,1,1,36.75,"N","S","11-20","31-99","Mr.",3,"SmallFam"
"147","1","3","male",27,0,0,7.7958,"N","S","21-30","0-8","Mr.",1,"Single"
"148","0","3","female",9,2,2,34.375,"N","S","0-10","31-99","Miss.",5,"MediumFam"
"149","0","2","male",36.5,0,2,26,"F","S","31-40","15-31","Mr.",3,"SmallFam"
"150","0","2","male",42,0,0,13,"N","S","41-50","8-15","Otros.",1,"Single"
"151","0","2","male",51,0,0,12.525,"N","S","51-60","8-15","Otros.",1,"Single"
"152","1","1","female",22,1,0,66.6,"C","S","21-30","31-99","Mrs.",2,"SmallFam"
"153","0","3","male",55.5,0,0,8.05,"N","S","51-60","8-15","Mr.",1,"Single"
"154","0","3","male",40.5,0,2,14.5,"N","S","41-50","8-15","Mr.",3,"SmallFam"
"155","0","3","male",28,0,0,7.3125,"N","S","21-30","0-8","Mr.",1,"Single"
"156","0","1","male",51,0,1,61.3792,"N","C","51-60","31-99","Mr.",2,"SmallFam"
"157","1","3","female",16,0,0,7.7333,"N","Q","11-20","0-8","Miss.",1,"Single"
"158","0","3","male",30,0,0,8.05,"N","S","21-30","8-15","Mr.",1,"Single"
"159","0","3","male",28,0,0,8.6625,"N","S","21-30","8-15","Mr.",1,"Single"
"160","0","3","male",28,8,2,69.55,"N","S","21-30","31-99","Master.",11,"LargeFam"
"161","0","3","male",44,0,1,16.1,"N","S","41-50","15-31","Mr.",2,"SmallFam"
"162","1","2","female",40,0,0,15.75,"N","S","31-40","15-31","Mrs.",1,"Single"
"163","0","3","male",26,0,0,7.775,"N","S","21-30","0-8","Mr.",1,"Single"
"164","0","3","male",17,0,0,8.6625,"N","S","11-20","8-15","Mr.",1,"Single"
"165","0","3","male",1,4,1,39.6875,"N","S","0-10","31-99","Master.",6,"LargeFam"
"166","1","3","male",9,0,2,20.525,"N","S","0-10","15-31","Master.",3,"SmallFam"
"167","1","1","female",27,0,1,55,"E","S","21-30","31-99","Mrs.",2,"SmallFam"
"168","0","3","female",45,1,4,27.9,"N","S","41-50","15-31","Mrs.",6,"LargeFam"
"169","0","1","male",28,0,0,25.925,"N","S","21-30","15-31","Mr.",1,"Single"
"170","0","3","male",28,0,0,56.4958,"N","S","21-30","31-99","Mr.",1,"Single"
"171","0","1","male",61,0,0,33.5,"B","S","61-70","31-99","Mr.",1,"Single"
"172","0","3","male",4,4,1,29.125,"N","Q","0-10","15-31","Master.",6,"LargeFam"
"173","1","3","female",1,1,1,11.1333,"N","S","0-10","8-15","Miss.",3,"SmallFam"
"174","0","3","male",21,0,0,7.925,"N","S","21-30","0-8","Mr.",1,"Single"
"175","0","1","male",56,0,0,30.6958,"A","C","51-60","15-31","Mr.",1,"Single"
"176","0","3","male",18,1,1,7.8542,"N","S","11-20","0-8","Mr.",3,"SmallFam"
"177","0","3","male",28,3,1,25.4667,"N","S","21-30","15-31","Master.",5,"MediumFam"
"178","0","1","female",50,0,0,28.7125,"C","C","41-50","15-31","Miss.",1,"Single"
"179","0","2","male",30,0,0,13,"N","S","21-30","8-15","Mr.",1,"Single"
"180","0","3","male",36,0,0,14,"N","S","31-40","8-15","Mr.",1,"Single"
"181","0","3","female",27,8,2,69.55,"N","S","21-30","31-99","Miss.",11,"LargeFam"
"182","0","2","male",28,0,0,15.05,"N","C","21-30","15-31","Mr.",1,"Single"
"183","0","3","male",9,4,2,31.3875,"N","S","0-10","31-99","Master.",7,"LargeFam"
"184","1","2","male",1,2,1,39,"F","S","0-10","31-99","Master.",4,"MediumFam"
"185","1","3","female",4,0,2,22.025,"N","S","0-10","15-31","Miss.",3,"SmallFam"
"186","0","1","male",28,0,0,50,"A","S","21-30","31-99","Mr.",1,"Single"
"187","1","3","female",27,1,0,15.5,"N","Q","21-30","15-31","Mrs.",2,"SmallFam"
"188","1","1","male",45,0,0,26.55,"N","S","41-50","15-31","Mr.",1,"Single"
"189","0","3","male",40,1,1,15.5,"N","Q","31-40","15-31","Mr.",3,"SmallFam"
"190","0","3","male",36,0,0,7.8958,"N","S","31-40","0-8","Mr.",1,"Single"
"191","1","2","female",32,0,0,13,"N","S","31-40","8-15","Mrs.",1,"Single"
"192","0","2","male",19,0,0,13,"N","S","11-20","8-15","Mr.",1,"Single"
"193","1","3","female",19,1,0,7.8542,"N","S","11-20","0-8","Miss.",2,"SmallFam"
"194","1","2","male",3,1,1,26,"F","S","0-10","15-31","Master.",3,"SmallFam"
"195","1","1","female",44,0,0,27.7208,"B","C","41-50","15-31","Mrs.",1,"Single"
"196","1","1","female",58,0,0,146.5208,"B","C","51-60","99-200","Miss.",1,"Single"
"197","0","3","male",28,0,0,7.75,"N","Q","21-30","0-8","Mr.",1,"Single"
"198","0","3","male",42,0,1,8.4042,"N","S","41-50","8-15","Mr.",2,"SmallFam"
"199","1","3","female",27,0,0,7.75,"N","Q","21-30","0-8","Miss.",1,"Single"
"200","0","2","female",24,0,0,13,"N","S","21-30","8-15","Miss.",1,"Single"
"201","0","3","male",28,0,0,9.5,"N","S","21-30","8-15","Mr.",1,"Single"
"202","0","3","male",28,8,2,69.55,"N","S","21-30","31-99","Mr.",11,"LargeFam"
"203","0","3","male",34,0,0,6.4958,"N","S","31-40","0-8","Mr.",1,"Single"
"204","0","3","male",45.5,0,0,7.225,"N","C","41-50","0-8","Mr.",1,"Single"
"205","1","3","male",18,0,0,8.05,"N","S","11-20","8-15","Mr.",1,"Single"
"206","0","3","female",2,0,1,10.4625,"G","S","0-10","8-15","Miss.",2,"SmallFam"
"207","0","3","male",32,1,0,15.85,"N","S","31-40","15-31","Mr.",2,"SmallFam"
"208","1","3","male",26,0,0,18.7875,"N","C","21-30","15-31","Mr.",1,"Single"
"209","1","3","female",16,0,0,7.75,"N","Q","11-20","0-8","Miss.",1,"Single"
"210","1","1","male",40,0,0,31,"A","C","31-40","15-31","Mr.",1,"Single"
"211","0","3","male",24,0,0,7.05,"N","S","21-30","0-8","Mr.",1,"Single"
"212","1","2","female",35,0,0,21,"N","S","31-40","15-31","Miss.",1,"Single"
"213","0","3","male",22,0,0,7.25,"N","S","21-30","0-8","Mr.",1,"Single"
"214","0","2","male",30,0,0,13,"N","S","21-30","8-15","Mr.",1,"Single"
"215","0","3","male",28,1,0,7.75,"N","Q","21-30","0-8","Mr.",2,"SmallFam"
"216","1","1","female",31,1,0,113.275,"D","C","31-40","99-200","Miss.",2,"SmallFam"
"217","1","3","female",27,0,0,7.925,"N","S","21-30","0-8","Miss.",1,"Single"
"218","0","2","male",42,1,0,27,"N","S","41-50","15-31","Mr.",2,"SmallFam"
"219","1","1","female",32,0,0,76.2917,"D","C","31-40","31-99","Miss.",1,"Single"
"220","0","2","male",30,0,0,10.5,"N","S","21-30","8-15","Mr.",1,"Single"
"221","1","3","male",16,0,0,8.05,"N","S","11-20","8-15","Mr.",1,"Single"
"222","0","2","male",27,0,0,13,"N","S","21-30","8-15","Mr.",1,"Single"
"223","0","3","male",51,0,0,8.05,"N","S","51-60","8-15","Mr.",1,"Single"
"224","0","3","male",28,0,0,7.8958,"N","S","21-30","0-8","Mr.",1,"Single"
"225","1","1","male",38,1,0,90,"C","S","31-40","31-99","Mr.",2,"SmallFam"
"226","0","3","male",22,0,0,9.35,"N","S","21-30","8-15","Mr.",1,"Single"
"227","1","2","male",19,0,0,10.5,"N","S","11-20","8-15","Mr.",1,"Single"
"228","0","3","male",20.5,0,0,7.25,"N","S","21-30","0-8","Mr.",1,"Single"
"229","0","2","male",18,0,0,13,"N","S","11-20","8-15","Mr.",1,"Single"
"230","0","3","female",27,3,1,25.4667,"N","S","21-30","15-31","Miss.",5,"MediumFam"
"231","1","1","female",35,1,0,83.475,"C","S","31-40","31-99","Mrs.",2,"SmallFam"
"232","0","3","male",29,0,0,7.775,"N","S","21-30","0-8","Mr.",1,"Single"
"233","0","2","male",59,0,0,13.5,"N","S","51-60","8-15","Mr.",1,"Single"
"234","1","3","female",5,4,2,31.3875,"N","S","0-10","31-99","Miss.",7,"LargeFam"
"235","0","2","male",24,0,0,10.5,"N","S","21-30","8-15","Mr.",1,"Single"
"236","0","3","female",27,0,0,7.55,"N","S","21-30","0-8","Miss.",1,"Single"
"237","0","2","male",44,1,0,26,"N","S","41-50","15-31","Mr.",2,"SmallFam"
"238","1","2","female",8,0,2,26.25,"N","S","0-10","15-31","Miss.",3,"SmallFam"
"239","0","2","male",19,0,0,10.5,"N","S","11-20","8-15","Mr.",1,"Single"
"240","0","2","male",33,0,0,12.275,"N","S","31-40","8-15","Mr.",1,"Single"
"241","0","3","female",27,1,0,14.4542,"N","C","21-30","8-15","Miss.",2,"SmallFam"
"242","1","3","female",27,1,0,15.5,"N","Q","21-30","15-31","Miss.",2,"SmallFam"
"243","0","2","male",29,0,0,10.5,"N","S","21-30","8-15","Mr.",1,"Single"
"244","0","3","male",22,0,0,7.125,"N","S","21-30","0-8","Mr.",1,"Single"
"245","0","3","male",30,0,0,7.225,"N","C","21-30","0-8","Mr.",1,"Single"
"246","0","1","male",44,2,0,90,"C","Q","41-50","31-99","Otros.",3,"SmallFam"
"247","0","3","female",25,0,0,7.775,"N","S","21-30","0-8","Miss.",1,"Single"
"248","1","2","female",24,0,2,14.5,"N","S","21-30","8-15","Mrs.",3,"SmallFam"
"249","1","1","male",37,1,1,52.5542,"D","S","31-40","31-99","Mr.",3,"SmallFam"
"250","0","2","male",54,1,0,26,"N","S","51-60","15-31","Otros.",2,"SmallFam"
"251","0","3","male",28,0,0,7.25,"N","S","21-30","0-8","Mr.",1,"Single"
"252","0","3","female",29,1,1,10.4625,"G","S","21-30","8-15","Mrs.",3,"SmallFam"
"253","0","1","male",62,0,0,26.55,"C","S","61-70","15-31","Mr.",1,"Single"
"254","0","3","male",30,1,0,16.1,"N","S","21-30","15-31","Mr.",2,"SmallFam"
"255","0","3","female",41,0,2,20.2125,"N","S","41-50","15-31","Mrs.",3,"SmallFam"
"256","1","3","female",29,0,2,15.2458,"N","C","21-30","15-31","Mrs.",3,"SmallFam"
"257","1","1","female",27,0,0,79.2,"N","C","21-30","31-99","Mrs.",1,"Single"
"258","1","1","female",30,0,0,86.5,"B","S","21-30","31-99","Miss.",1,"Single"
"259","1","1","female",35,0,0,512.3292,"N","C","31-40","200-600","Miss.",1,"Single"
"260","1","2","female",50,0,1,26,"N","S","41-50","15-31","Mrs.",2,"SmallFam"
"261","0","3","male",28,0,0,7.75,"N","Q","21-30","0-8","Mr.",1,"Single"
"262","1","3","male",3,4,2,31.3875,"N","S","0-10","31-99","Master.",7,"LargeFam"
"263","0","1","male",52,1,1,79.65,"E","S","51-60","31-99","Mr.",3,"SmallFam"
"264","0","1","male",40,0,0,72,"B","S","31-40","31-99","Mr.",1,"Single"
"265","0","3","female",27,0,0,7.75,"N","Q","21-30","0-8","Miss.",1,"Single"
"266","0","2","male",36,0,0,10.5,"N","S","31-40","8-15","Mr.",1,"Single"
"267","0","3","male",16,4,1,39.6875,"N","S","11-20","31-99","Mr.",6,"LargeFam"
"268","1","3","male",25,1,0,7.775,"N","S","21-30","0-8","Mr.",2,"SmallFam"
"269","1","1","female",58,0,1,153.4625,"C","S","51-60","99-200","Mrs.",2,"SmallFam"
"270","1","1","female",35,0,0,135.6333,"C","S","31-40","99-200","Miss.",1,"Single"
"271","0","1","male",28,0,0,31,"N","S","21-30","15-31","Mr.",1,"Single"
"272","1","3","male",25,0,0,14,"N","S","21-30","8-15","Mr.",1,"Single"
"273","1","2","female",41,0,1,19.5,"N","S","41-50","15-31","Mrs.",2,"SmallFam"
"274","0","1","male",37,0,1,29.7,"C","C","31-40","15-31","Mr.",2,"SmallFam"
"275","1","3","female",27,0,0,7.75,"N","Q","21-30","0-8","Miss.",1,"Single"
"276","1","1","female",63,1,0,77.9583,"D","S","61-70","31-99","Miss.",2,"SmallFam"
"277","0","3","female",45,0,0,7.75,"N","S","41-50","0-8","Miss.",1,"Single"
"278","0","2","male",28,0,0,21,"N","S","21-30","15-31","Mr.",1,"Single"
"279","0","3","male",7,4,1,29.125,"N","Q","0-10","15-31","Master.",6,"LargeFam"
"280","1","3","female",35,1,1,20.25,"N","S","31-40","15-31","Mrs.",3,"SmallFam"
"281","0","3","male",65,0,0,7.75,"N","Q","61-70","0-8","Mr.",1,"Single"
"282","0","3","male",28,0,0,7.8542,"N","S","21-30","0-8","Mr.",1,"Single"
"283","0","3","male",16,0,0,9.5,"N","S","11-20","8-15","Mr.",1,"Single"
"284","1","3","male",19,0,0,8.05,"N","S","11-20","8-15","Mr.",1,"Single"
"285","0","1","male",28,0,0,26,"A","S","21-30","15-31","Mr.",1,"Single"
"286","0","3","male",33,0,0,8.6625,"N","C","31-40","8-15","Mr.",1,"Single"
"287","1","3","male",30,0,0,9.5,"N","S","21-30","8-15","Mr.",1,"Single"
"288","0","3","male",22,0,0,7.8958,"N","S","21-30","0-8","Mr.",1,"Single"
"289","1","2","male",42,0,0,13,"N","S","41-50","8-15","Mr.",1,"Single"
"290","1","3","female",22,0,0,7.75,"N","Q","21-30","0-8","Miss.",1,"Single"
"291","1","1","female",26,0,0,78.85,"N","S","21-30","31-99","Miss.",1,"Single"
"292","1","1","female",19,1,0,91.0792,"B","C","11-20","31-99","Mrs.",2,"SmallFam"
"293","0","2","male",36,0,0,12.875,"D","C","31-40","8-15","Mr.",1,"Single"
"294","0","3","female",24,0,0,8.85,"N","S","21-30","8-15","Miss.",1,"Single"
"295","0","3","male",24,0,0,7.8958,"N","S","21-30","0-8","Mr.",1,"Single"
"296","0","1","male",28,0,0,27.7208,"N","C","21-30","15-31","Mr.",1,"Single"
"297","0","3","male",23.5,0,0,7.2292,"N","C","21-30","0-8","Mr.",1,"Single"
"298","0","1","female",2,1,2,151.55,"C","S","0-10","99-200","Miss.",4,"MediumFam"
"299","1","1","male",28,0,0,30.5,"C","S","21-30","15-31","Mr.",1,"Single"
"300","1","1","female",50,0,1,247.5208,"B","C","41-50","200-600","Mrs.",2,"SmallFam"
"301","1","3","female",27,0,0,7.75,"N","Q","21-30","0-8","Miss.",1,"Single"
"302","1","3","male",28,2,0,23.25,"N","Q","21-30","15-31","Mr.",3,"SmallFam"
"303","0","3","male",19,0,0,14,"N","S","11-20","8-15","Mr.",1,"Single"
"304","1","2","female",27,0,0,12.35,"E","Q","21-30","8-15","Miss.",1,"Single"
"305","0","3","male",28,0,0,8.05,"N","S","21-30","8-15","Mr.",1,"Single"
"306","1","1","male",0.92,1,2,151.55,"C","S","0-10","99-200","Master.",4,"MediumFam"
"307","1","1","female",27,0,0,110.8833,"N","C","21-30","99-200","Miss.",1,"Single"
"308","1","1","female",17,1,0,108.9,"C","C","11-20","99-200","Mrs.",2,"SmallFam"
"309","0","2","male",30,1,0,24,"N","C","21-30","15-31","Mr.",2,"SmallFam"
"310","1","1","female",30,0,0,56.9292,"E","C","21-30","31-99","Miss.",1,"Single"
"311","1","1","female",24,0,0,83.1583,"C","C","21-30","31-99","Miss.",1,"Single"
"312","1","1","female",18,2,2,262.375,"B","C","11-20","200-600","Miss.",5,"MediumFam"
"313","0","2","female",26,1,1,26,"N","S","21-30","15-31","Mrs.",3,"SmallFam"
"314","0","3","male",28,0,0,7.8958,"N","S","21-30","0-8","Mr.",1,"Single"
"315","0","2","male",43,1,1,26.25,"N","S","41-50","15-31","Mr.",3,"SmallFam"
"316","1","3","female",26,0,0,7.8542,"N","S","21-30","0-8","Miss.",1,"Single"
"317","1","2","female",24,1,0,26,"N","S","21-30","15-31","Mrs.",2,"SmallFam"
"318","0","2","male",54,0,0,14,"N","S","51-60","8-15","Otros.",1,"Single"
"319","1","1","female",31,0,2,164.8667,"C","S","31-40","99-200","Miss.",3,"SmallFam"
"320","1","1","female",40,1,1,134.5,"E","C","31-40","99-200","Mrs.",3,"SmallFam"
"321","0","3","male",22,0,0,7.25,"N","S","21-30","0-8","Mr.",1,"Single"
"322","0","3","male",27,0,0,7.8958,"N","S","21-30","0-8","Mr.",1,"Single"
"323","1","2","female",30,0,0,12.35,"N","Q","21-30","8-15","Miss.",1,"Single"
"324","1","2","female",22,1,1,29,"N","S","21-30","15-31","Mrs.",3,"SmallFam"
"325","0","3","male",28,8,2,69.55,"N","S","21-30","31-99","Mr.",11,"LargeFam"
"326","1","1","female",36,0,0,135.6333,"C","C","31-40","99-200","Miss.",1,"Single"
"327","0","3","male",61,0,0,6.2375,"N","S","61-70","0-8","Mr.",1,"Single"
"328","1","2","female",36,0,0,13,"D","S","31-40","8-15","Mrs.",1,"Single"
"329","1","3","female",31,1,1,20.525,"N","S","31-40","15-31","Mrs.",3,"SmallFam"
"330","1","1","female",16,0,1,57.9792,"B","C","11-20","31-99","Miss.",2,"SmallFam"
"331","1","3","female",27,2,0,23.25,"N","Q","21-30","15-31","Miss.",3,"SmallFam"
"332","0","1","male",45.5,0,0,28.5,"C","S","41-50","15-31","Mr.",1,"Single"
"333","0","1","male",38,0,1,153.4625,"C","S","31-40","99-200","Mr.",2,"SmallFam"
"334","0","3","male",16,2,0,18,"N","S","11-20","15-31","Mr.",3,"SmallFam"
"335","1","1","female",27,1,0,133.65,"N","S","21-30","99-200","Mrs.",2,"SmallFam"
"336","0","3","male",28,0,0,7.8958,"N","S","21-30","0-8","Mr.",1,"Single"
"337","0","1","male",29,1,0,66.6,"C","S","21-30","31-99","Mr.",2,"SmallFam"
"338","1","1","female",41,0,0,134.5,"E","C","41-50","99-200","Miss.",1,"Single"
"339","1","3","male",45,0,0,8.05,"N","S","41-50","8-15","Mr.",1,"Single"
"340","0","1","male",45,0,0,35.5,"N","S","41-50","31-99","Mr.",1,"Single"
"341","1","2","male",2,1,1,26,"F","S","0-10","15-31","Master.",3,"SmallFam"
"342","1","1","female",24,3,2,263,"C","S","21-30","200-600","Miss.",6,"LargeFam"
"343","0","2","male",28,0,0,13,"N","S","21-30","8-15","Mr.",1,"Single"
"344","0","2","male",25,0,0,13,"N","S","21-30","8-15","Mr.",1,"Single"
"345","0","2","male",36,0,0,13,"N","S","31-40","8-15","Mr.",1,"Single"
"346","1","2","female",24,0,0,13,"F","S","21-30","8-15","Miss.",1,"Single"
"347","1","2","female",40,0,0,13,"N","S","31-40","8-15","Miss.",1,"Single"
"348","1","3","female",27,1,0,16.1,"N","S","21-30","15-31","Mrs.",2,"SmallFam"
"349","1","3","male",3,1,1,15.9,"N","S","0-10","15-31","Master.",3,"SmallFam"
"350","0","3","male",42,0,0,8.6625,"N","S","41-50","8-15","Mr.",1,"Single"
"351","0","3","male",23,0,0,9.225,"N","S","21-30","8-15","Mr.",1,"Single"
"352","0","1","male",28,0,0,35,"C","S","21-30","31-99","Mr.",1,"Single"
"353","0","3","male",15,1,1,7.2292,"N","C","11-20","0-8","Mr.",3,"SmallFam"
"354","0","3","male",25,1,0,17.8,"N","S","21-30","15-31","Mr.",2,"SmallFam"
"355","0","3","male",28,0,0,7.225,"N","C","21-30","0-8","Mr.",1,"Single"
"356","0","3","male",28,0,0,9.5,"N","S","21-30","8-15","Mr.",1,"Single"
"357","1","1","female",22,0,1,55,"E","S","21-30","31-99","Miss.",2,"SmallFam"
"358","0","2","female",38,0,0,13,"N","S","31-40","8-15","Miss.",1,"Single"
"359","1","3","female",27,0,0,7.8792,"N","Q","21-30","0-8","Miss.",1,"Single"
"360","1","3","female",27,0,0,7.8792,"N","Q","21-30","0-8","Miss.",1,"Single"
"361","0","3","male",40,1,4,27.9,"N","S","31-40","15-31","Mr.",6,"LargeFam"
"362","0","2","male",29,1,0,27.7208,"N","C","21-30","15-31","Mr.",2,"SmallFam"
"363","0","3","female",45,0,1,14.4542,"N","C","41-50","8-15","Mrs.",2,"SmallFam"
"364","0","3","male",35,0,0,7.05,"N","S","31-40","0-8","Mr.",1,"Single"
"365","0","3","male",28,1,0,15.5,"N","Q","21-30","15-31","Mr.",2,"SmallFam"
"366","0","3","male",30,0,0,7.25,"N","S","21-30","0-8","Mr.",1,"Single"
"367","1","1","female",60,1,0,75.25,"D","C","51-60","31-99","Mrs.",2,"SmallFam"
"368","1","3","female",27,0,0,7.2292,"N","C","21-30","0-8","Mrs.",1,"Single"
"369","1","3","female",27,0,0,7.75,"N","Q","21-30","0-8","Miss.",1,"Single"
"370","1","1","female",24,0,0,69.3,"B","C","21-30","31-99","Otros.",1,"Single"
"371","1","1","male",25,1,0,55.4417,"E","C","21-30","31-99","Mr.",2,"SmallFam"
"372","0","3","male",18,1,0,6.4958,"N","S","11-20","0-8","Mr.",2,"SmallFam"
"373","0","3","male",19,0,0,8.05,"N","S","11-20","8-15","Mr.",1,"Single"
"374","0","1","male",22,0,0,135.6333,"N","C","21-30","99-200","Mr.",1,"Single"
"375","0","3","female",3,3,1,21.075,"N","S","0-10","15-31","Miss.",5,"MediumFam"
"376","1","1","female",27,1,0,82.1708,"N","C","21-30","31-99","Mrs.",2,"SmallFam"
"377","1","3","female",22,0,0,7.25,"N","S","21-30","0-8","Miss.",1,"Single"
"378","0","1","male",27,0,2,211.5,"C","C","21-30","200-600","Mr.",3,"SmallFam"
"379","0","3","male",20,0,0,4.0125,"N","C","11-20","0-8","Mr.",1,"Single"
"380","0","3","male",19,0,0,7.775,"N","S","11-20","0-8","Mr.",1,"Single"
"381","1","1","female",42,0,0,227.525,"N","C","41-50","200-600","Miss.",1,"Single"
"382","1","3","female",1,0,2,15.7417,"N","C","0-10","15-31","Miss.",3,"SmallFam"
"383","0","3","male",32,0,0,7.925,"N","S","31-40","0-8","Mr.",1,"Single"
"384","1","1","female",35,1,0,52,"N","S","31-40","31-99","Mrs.",2,"SmallFam"
"385","0","3","male",28,0,0,7.8958,"N","S","21-30","0-8","Mr.",1,"Single"
"386","0","2","male",18,0,0,73.5,"N","S","11-20","31-99","Mr.",1,"Single"
"387","0","3","male",1,5,2,46.9,"N","S","0-10","31-99","Master.",8,"LargeFam"
"388","1","2","female",36,0,0,13,"N","S","31-40","8-15","Miss.",1,"Single"
"389","0","3","male",28,0,0,7.7292,"N","Q","21-30","0-8","Mr.",1,"Single"
"390","1","2","female",17,0,0,12,"N","C","11-20","8-15","Miss.",1,"Single"
"391","1","1","male",36,1,2,120,"B","S","31-40","99-200","Mr.",4,"MediumFam"
"392","1","3","male",21,0,0,7.7958,"N","S","21-30","0-8","Mr.",1,"Single"
"393","0","3","male",28,2,0,7.925,"N","S","21-30","0-8","Mr.",3,"SmallFam"
"394","1","1","female",23,1,0,113.275,"D","C","21-30","99-200","Miss.",2,"SmallFam"
"395","1","3","female",24,0,2,16.7,"G","S","21-30","15-31","Mrs.",3,"SmallFam"
"396","0","3","male",22,0,0,7.7958,"N","S","21-30","0-8","Mr.",1,"Single"
"397","0","3","female",31,0,0,7.8542,"N","S","31-40","0-8","Miss.",1,"Single"
"398","0","2","male",46,0,0,26,"N","S","41-50","15-31","Mr.",1,"Single"
"399","0","2","male",23,0,0,10.5,"N","S","21-30","8-15","Otros.",1,"Single"
"400","1","2","female",28,0,0,12.65,"N","S","21-30","8-15","Mrs.",1,"Single"
"401","1","3","male",39,0,0,7.925,"N","S","31-40","0-8","Mr.",1,"Single"
"402","0","3","male",26,0,0,8.05,"N","S","21-30","8-15","Mr.",1,"Single"
"403","0","3","female",21,1,0,9.825,"N","S","21-30","8-15","Miss.",2,"SmallFam"
"404","0","3","male",28,1,0,15.85,"N","S","21-30","15-31","Mr.",2,"SmallFam"
"405","0","3","female",20,0,0,8.6625,"N","S","11-20","8-15","Miss.",1,"Single"
"406","0","2","male",34,1,0,21,"N","S","31-40","15-31","Mr.",2,"SmallFam"
"407","0","3","male",51,0,0,7.75,"N","S","51-60","0-8","Mr.",1,"Single"
"408","1","2","male",3,1,1,18.75,"N","S","0-10","15-31","Master.",3,"SmallFam"
"409","0","3","male",21,0,0,7.775,"N","S","21-30","0-8","Mr.",1,"Single"
"410","0","3","female",27,3,1,25.4667,"N","S","21-30","15-31","Miss.",5,"MediumFam"
"411","0","3","male",28,0,0,7.8958,"N","S","21-30","0-8","Mr.",1,"Single"
"412","0","3","male",28,0,0,6.8583,"N","Q","21-30","0-8","Mr.",1,"Single"
"413","1","1","female",33,1,0,90,"C","Q","31-40","31-99","Miss.",2,"SmallFam"
"414","0","2","male",28,0,0,21,"N","S","21-30","15-31","Mr.",1,"Single"
"415","1","3","male",44,0,0,7.925,"N","S","41-50","0-8","Mr.",1,"Single"
"416","0","3","female",27,0,0,8.05,"N","S","21-30","8-15","Mrs.",1,"Single"
"417","1","2","female",34,1,1,32.5,"N","S","31-40","31-99","Mrs.",3,"SmallFam"
"418","1","2","female",18,0,2,13,"N","S","11-20","8-15","Miss.",3,"SmallFam"
"419","0","2","male",30,0,0,13,"N","S","21-30","8-15","Mr.",1,"Single"
"420","0","3","female",10,0,2,24.15,"N","S","0-10","15-31","Miss.",3,"SmallFam"
"421","0","3","male",28,0,0,7.8958,"N","C","21-30","0-8","Mr.",1,"Single"
"422","0","3","male",21,0,0,7.7333,"N","Q","21-30","0-8","Mr.",1,"Single"
"423","0","3","male",29,0,0,7.875,"N","S","21-30","0-8","Mr.",1,"Single"
"424","0","3","female",28,1,1,14.4,"N","S","21-30","8-15","Mrs.",3,"SmallFam"
"425","0","3","male",18,1,1,20.2125,"N","S","11-20","15-31","Mr.",3,"SmallFam"
"426","0","3","male",28,0,0,7.25,"N","S","21-30","0-8","Mr.",1,"Single"
"427","1","2","female",28,1,0,26,"N","S","21-30","15-31","Mrs.",2,"SmallFam"
"428","1","2","female",19,0,0,26,"N","S","11-20","15-31","Miss.",1,"Single"
"429","0","3","male",28,0,0,7.75,"N","Q","21-30","0-8","Mr.",1,"Single"
"430","1","3","male",32,0,0,8.05,"E","S","31-40","8-15","Mr.",1,"Single"
"431","1","1","male",28,0,0,26.55,"C","S","21-30","15-31","Mr.",1,"Single"
"432","1","3","female",27,1,0,16.1,"N","S","21-30","15-31","Mrs.",2,"SmallFam"
"433","1","2","female",42,1,0,26,"N","S","41-50","15-31","Mrs.",2,"SmallFam"
"434","0","3","male",17,0,0,7.125,"N","S","11-20","0-8","Mr.",1,"Single"
"435","0","1","male",50,1,0,55.9,"E","S","41-50","31-99","Mr.",2,"SmallFam"
"436","1","1","female",14,1,2,120,"B","S","11-20","99-200","Miss.",4,"MediumFam"
"437","0","3","female",21,2,2,34.375,"N","S","21-30","31-99","Miss.",5,"MediumFam"
"438","1","2","female",24,2,3,18.75,"N","S","21-30","15-31","Mrs.",6,"LargeFam"
"439","0","1","male",64,1,4,263,"C","S","61-70","200-600","Mr.",6,"LargeFam"
"440","0","2","male",31,0,0,10.5,"N","S","31-40","8-15","Mr.",1,"Single"
"441","1","2","female",45,1,1,26.25,"N","S","41-50","15-31","Mrs.",3,"SmallFam"
"442","0","3","male",20,0,0,9.5,"N","S","11-20","8-15","Mr.",1,"Single"
"443","0","3","male",25,1,0,7.775,"N","S","21-30","0-8","Mr.",2,"SmallFam"
"444","1","2","female",28,0,0,13,"N","S","21-30","8-15","Otros.",1,"Single"
"445","1","3","male",28,0,0,8.1125,"N","S","21-30","8-15","Mr.",1,"Single"
"446","1","1","male",4,0,2,81.8583,"A","S","0-10","31-99","Master.",3,"SmallFam"
"447","1","2","female",13,0,1,19.5,"N","S","11-20","15-31","Miss.",2,"SmallFam"
"448","1","1","male",34,0,0,26.55,"N","S","31-40","15-31","Mr.",1,"Single"
"449","1","3","female",5,2,1,19.2583,"N","C","0-10","15-31","Miss.",4,"MediumFam"
"450","1","1","male",52,0,0,30.5,"C","S","51-60","15-31","Otros.",1,"Single"
"451","0","2","male",36,1,2,27.75,"N","S","31-40","15-31","Mr.",4,"MediumFam"
"452","0","3","male",28,1,0,19.9667,"N","S","21-30","15-31","Mr.",2,"SmallFam"
"453","0","1","male",30,0,0,27.75,"C","C","21-30","15-31","Mr.",1,"Single"
"454","1","1","male",49,1,0,89.1042,"C","C","41-50","31-99","Mr.",2,"SmallFam"
"455","0","3","male",28,0,0,8.05,"N","S","21-30","8-15","Mr.",1,"Single"
"456","1","3","male",29,0,0,7.8958,"N","C","21-30","0-8","Mr.",1,"Single"
"457","0","1","male",65,0,0,26.55,"E","S","61-70","15-31","Mr.",1,"Single"
"458","1","1","female",27,1,0,51.8625,"D","S","21-30","31-99","Mrs.",2,"SmallFam"
"459","1","2","female",50,0,0,10.5,"N","S","41-50","8-15","Miss.",1,"Single"
"460","0","3","male",28,0,0,7.75,"N","Q","21-30","0-8","Mr.",1,"Single"
"461","1","1","male",48,0,0,26.55,"E","S","41-50","15-31","Mr.",1,"Single"
"462","0","3","male",34,0,0,8.05,"N","S","31-40","8-15","Mr.",1,"Single"
"463","0","1","male",47,0,0,38.5,"E","S","41-50","31-99","Mr.",1,"Single"
"464","0","2","male",48,0,0,13,"N","S","41-50","8-15","Mr.",1,"Single"
"465","0","3","male",28,0,0,8.05,"N","S","21-30","8-15","Mr.",1,"Single"
"466","0","3","male",38,0,0,7.05,"N","S","31-40","0-8","Mr.",1,"Single"
"467","0","2","male",28,0,0,21,"N","S","21-30","15-31","Mr.",1,"Single"
"468","0","1","male",56,0,0,26.55,"N","S","51-60","15-31","Mr.",1,"Single"
"469","0","3","male",28,0,0,7.725,"N","Q","21-30","0-8","Mr.",1,"Single"
"470","1","3","female",0.75,2,1,19.2583,"N","C","0-10","15-31","Miss.",4,"MediumFam"
"471","0","3","male",28,0,0,7.25,"N","S","21-30","0-8","Mr.",1,"Single"
"472","0","3","male",38,0,0,8.6625,"N","S","31-40","8-15","Mr.",1,"Single"
"473","1","2","female",33,1,2,27.75,"N","S","31-40","15-31","Mrs.",4,"MediumFam"
"474","1","2","female",23,0,0,13.7917,"D","C","21-30","8-15","Mrs.",1,"Single"
"475","0","3","female",22,0,0,9.8375,"N","S","21-30","8-15","Miss.",1,"Single"
"476","0","1","male",28,0,0,52,"A","S","21-30","31-99","Mr.",1,"Single"
"477","0","2","male",34,1,0,21,"N","S","31-40","15-31","Mr.",2,"SmallFam"
"478","0","3","male",29,1,0,7.0458,"N","S","21-30","0-8","Mr.",2,"SmallFam"
"479","0","3","male",22,0,0,7.5208,"N","S","21-30","0-8","Mr.",1,"Single"
"480","1","3","female",2,0,1,12.2875,"N","S","0-10","8-15","Miss.",2,"SmallFam"
"481","0","3","male",9,5,2,46.9,"N","S","0-10","31-99","Master.",8,"LargeFam"
"482","0","2","male",28,0,0,21,"N","S","21-30","15-31","Mr.",1,"Single"
"483","0","3","male",50,0,0,8.05,"N","S","41-50","8-15","Mr.",1,"Single"
"484","1","3","female",63,0,0,9.5875,"N","S","61-70","8-15","Mrs.",1,"Single"
"485","1","1","male",25,1,0,91.0792,"B","C","21-30","31-99","Mr.",2,"SmallFam"
"486","0","3","female",27,3,1,25.4667,"N","S","21-30","15-31","Miss.",5,"MediumFam"
"487","1","1","female",35,1,0,90,"C","S","31-40","31-99","Mrs.",2,"SmallFam"
"488","0","1","male",58,0,0,29.7,"B","C","51-60","15-31","Mr.",1,"Single"
"489","0","3","male",30,0,0,8.05,"N","S","21-30","8-15","Mr.",1,"Single"
"490","1","3","male",9,1,1,15.9,"N","S","0-10","15-31","Master.",3,"SmallFam"
"491","0","3","male",28,1,0,19.9667,"N","S","21-30","15-31","Mr.",2,"SmallFam"
"492","0","3","male",21,0,0,7.25,"N","S","21-30","0-8","Mr.",1,"Single"
"493","0","1","male",55,0,0,30.5,"C","S","51-60","15-31","Mr.",1,"Single"
"494","0","1","male",71,0,0,49.5042,"N","C","71-80","31-99","Mr.",1,"Single"
"495","0","3","male",21,0,0,8.05,"N","S","21-30","8-15","Mr.",1,"Single"
"496","0","3","male",28,0,0,14.4583,"N","C","21-30","8-15","Mr.",1,"Single"
"497","1","1","female",54,1,0,78.2667,"D","C","51-60","31-99","Miss.",2,"SmallFam"
"498","0","3","male",28,0,0,15.1,"N","S","21-30","15-31","Mr.",1,"Single"
"499","0","1","female",25,1,2,151.55,"C","S","21-30","99-200","Mrs.",4,"MediumFam"
"500","0","3","male",24,0,0,7.7958,"N","S","21-30","0-8","Mr.",1,"Single"
"501","0","3","male",17,0,0,8.6625,"N","S","11-20","8-15","Mr.",1,"Single"
"502","0","3","female",21,0,0,7.75,"N","Q","21-30","0-8","Miss.",1,"Single"
"503","0","3","female",27,0,0,7.6292,"N","Q","21-30","0-8","Miss.",1,"Single"
"504","0","3","female",37,0,0,9.5875,"N","S","31-40","8-15","Miss.",1,"Single"
"505","1","1","female",16,0,0,86.5,"B","S","11-20","31-99","Miss.",1,"Single"
"506","0","1","male",18,1,0,108.9,"C","C","11-20","99-200","Mr.",2,"SmallFam"
"507","1","2","female",33,0,2,26,"N","S","31-40","15-31","Mrs.",3,"SmallFam"
"508","1","1","male",28,0,0,26.55,"N","S","21-30","15-31","Mr.",1,"Single"
"509","0","3","male",28,0,0,22.525,"N","S","21-30","15-31","Mr.",1,"Single"
"510","1","3","male",26,0,0,56.4958,"N","S","21-30","31-99","Mr.",1,"Single"
"511","1","3","male",29,0,0,7.75,"N","Q","21-30","0-8","Mr.",1,"Single"
"512","0","3","male",28,0,0,8.05,"N","S","21-30","8-15","Mr.",1,"Single"
"513","1","1","male",36,0,0,26.2875,"E","S","31-40","15-31","Mr.",1,"Single"
"514","1","1","female",54,1,0,59.4,"N","C","51-60","31-99","Mrs.",2,"SmallFam"
"515","0","3","male",24,0,0,7.4958,"N","S","21-30","0-8","Mr.",1,"Single"
"516","0","1","male",47,0,0,34.0208,"D","S","41-50","31-99","Mr.",1,"Single"
"517","1","2","female",34,0,0,10.5,"F","S","31-40","8-15","Mrs.",1,"Single"
"518","0","3","male",28,0,0,24.15,"N","Q","21-30","15-31","Mr.",1,"Single"
"519","1","2","female",36,1,0,26,"N","S","31-40","15-31","Mrs.",2,"SmallFam"
"520","0","3","male",32,0,0,7.8958,"N","S","31-40","0-8","Mr.",1,"Single"
"521","1","1","female",30,0,0,93.5,"B","S","21-30","31-99","Miss.",1,"Single"
"522","0","3","male",22,0,0,7.8958,"N","S","21-30","0-8","Mr.",1,"Single"
"523","0","3","male",28,0,0,7.225,"N","C","21-30","0-8","Mr.",1,"Single"
"524","1","1","female",44,0,1,57.9792,"B","C","41-50","31-99","Mrs.",2,"SmallFam"
"525","0","3","male",28,0,0,7.2292,"N","C","21-30","0-8","Mr.",1,"Single"
"526","0","3","male",40.5,0,0,7.75,"N","Q","41-50","0-8","Mr.",1,"Single"
"527","1","2","female",50,0,0,10.5,"N","S","41-50","8-15","Miss.",1,"Single"
"528","0","1","male",28,0,0,221.7792,"C","S","21-30","200-600","Mr.",1,"Single"
"529","0","3","male",39,0,0,7.925,"N","S","31-40","0-8","Mr.",1,"Single"
"530","0","2","male",23,2,1,11.5,"N","S","21-30","8-15","Mr.",4,"MediumFam"
"531","1","2","female",2,1,1,26,"N","S","0-10","15-31","Miss.",3,"SmallFam"
"532","0","3","male",28,0,0,7.2292,"N","C","21-30","0-8","Mr.",1,"Single"
"533","0","3","male",17,1,1,7.2292,"N","C","11-20","0-8","Mr.",3,"SmallFam"
"534","1","3","female",27,0,2,22.3583,"N","C","21-30","15-31","Mrs.",3,"SmallFam"
"535","0","3","female",30,0,0,8.6625,"N","S","21-30","8-15","Miss.",1,"Single"
"536","1","2","female",7,0,2,26.25,"N","S","0-10","15-31","Miss.",3,"SmallFam"
"537","0","1","male",45,0,0,26.55,"B","S","41-50","15-31","Otros.",1,"Single"
"538","1","1","female",30,0,0,106.425,"N","C","21-30","99-200","Miss.",1,"Single"
"539","0","3","male",28,0,0,14.5,"N","S","21-30","8-15","Mr.",1,"Single"
"540","1","1","female",22,0,2,49.5,"B","C","21-30","31-99","Miss.",3,"SmallFam"
"541","1","1","female",36,0,2,71,"B","S","31-40","31-99","Miss.",3,"SmallFam"
"542","0","3","female",9,4,2,31.275,"N","S","0-10","31-99","Miss.",7,"LargeFam"
"543","0","3","female",11,4,2,31.275,"N","S","11-20","31-99","Miss.",7,"LargeFam"
"544","1","2","male",32,1,0,26,"N","S","31-40","15-31","Mr.",2,"SmallFam"
"545","0","1","male",50,1,0,106.425,"C","C","41-50","99-200","Mr.",2,"SmallFam"
"546","0","1","male",64,0,0,26,"N","S","61-70","15-31","Mr.",1,"Single"
"547","1","2","female",19,1,0,26,"N","S","11-20","15-31","Mrs.",2,"SmallFam"
"548","1","2","male",28,0,0,13.8625,"N","C","21-30","8-15","Mr.",1,"Single"
"549","0","3","male",33,1,1,20.525,"N","S","31-40","15-31","Mr.",3,"SmallFam"
"550","1","2","male",8,1,1,36.75,"N","S","0-10","31-99","Master.",3,"SmallFam"
"551","1","1","male",17,0,2,110.8833,"C","C","11-20","99-200","Mr.",3,"SmallFam"
"552","0","2","male",27,0,0,26,"N","S","21-30","15-31","Mr.",1,"Single"
"553","0","3","male",28,0,0,7.8292,"N","Q","21-30","0-8","Mr.",1,"Single"
"554","1","3","male",22,0,0,7.225,"N","C","21-30","0-8","Mr.",1,"Single"
"555","1","3","female",22,0,0,7.775,"N","S","21-30","0-8","Miss.",1,"Single"
"556","0","1","male",62,0,0,26.55,"N","S","61-70","15-31","Mr.",1,"Single"
"557","1","1","female",48,1,0,39.6,"A","C","41-50","31-99","Otros.",2,"SmallFam"
"558","0","1","male",28,0,0,227.525,"N","C","21-30","200-600","Mr.",1,"Single"
"559","1","1","female",39,1,1,79.65,"E","S","31-40","31-99","Mrs.",3,"SmallFam"
"560","1","3","female",36,1,0,17.4,"N","S","31-40","15-31","Mrs.",2,"SmallFam"
"561","0","3","male",28,0,0,7.75,"N","Q","21-30","0-8","Mr.",1,"Single"
"562","0","3","male",40,0,0,7.8958,"N","S","31-40","0-8","Mr.",1,"Single"
"563","0","2","male",28,0,0,13.5,"N","S","21-30","8-15","Mr.",1,"Single"
"564","0","3","male",28,0,0,8.05,"N","S","21-30","8-15","Mr.",1,"Single"
"565","0","3","female",27,0,0,8.05,"N","S","21-30","8-15","Miss.",1,"Single"
"566","0","3","male",24,2,0,24.15,"N","S","21-30","15-31","Mr.",3,"SmallFam"
"567","0","3","male",19,0,0,7.8958,"N","S","11-20","0-8","Mr.",1,"Single"
"568","0","3","female",29,0,4,21.075,"N","S","21-30","15-31","Mrs.",5,"MediumFam"
"569","0","3","male",28,0,0,7.2292,"N","C","21-30","0-8","Mr.",1,"Single"
"570","1","3","male",32,0,0,7.8542,"N","S","31-40","0-8","Mr.",1,"Single"
"571","1","2","male",62,0,0,10.5,"N","S","61-70","8-15","Mr.",1,"Single"
"572","1","1","female",53,2,0,51.4792,"C","S","51-60","31-99","Mrs.",3,"SmallFam"
"573","1","1","male",36,0,0,26.3875,"E","S","31-40","15-31","Mr.",1,"Single"
"574","1","3","female",27,0,0,7.75,"N","Q","21-30","0-8","Miss.",1,"Single"
"575","0","3","male",16,0,0,8.05,"N","S","11-20","8-15","Mr.",1,"Single"
"576","0","3","male",19,0,0,14.5,"N","S","11-20","8-15","Mr.",1,"Single"
"577","1","2","female",34,0,0,13,"N","S","31-40","8-15","Miss.",1,"Single"
"578","1","1","female",39,1,0,55.9,"E","S","31-40","31-99","Mrs.",2,"SmallFam"
"579","0","3","female",27,1,0,14.4583,"N","C","21-30","8-15","Mrs.",2,"SmallFam"
"580","1","3","male",32,0,0,7.925,"N","S","31-40","0-8","Mr.",1,"Single"
"581","1","2","female",25,1,1,30,"N","S","21-30","15-31","Miss.",3,"SmallFam"
"582","1","1","female",39,1,1,110.8833,"C","C","31-40","99-200","Mrs.",3,"SmallFam"
"583","0","2","male",54,0,0,26,"N","S","51-60","15-31","Mr.",1,"Single"
"584","0","1","male",36,0,0,40.125,"A","C","31-40","31-99","Mr.",1,"Single"
"585","0","3","male",28,0,0,8.7125,"N","C","21-30","8-15","Mr.",1,"Single"
"586","1","1","female",18,0,2,79.65,"E","S","11-20","31-99","Miss.",3,"SmallFam"
"587","0","2","male",47,0,0,15,"N","S","41-50","8-15","Mr.",1,"Single"
"588","1","1","male",60,1,1,79.2,"B","C","51-60","31-99","Mr.",3,"SmallFam"
"589","0","3","male",22,0,0,8.05,"N","S","21-30","8-15","Mr.",1,"Single"
"590","0","3","male",28,0,0,8.05,"N","S","21-30","8-15","Mr.",1,"Single"
"591","0","3","male",35,0,0,7.125,"N","S","31-40","0-8","Mr.",1,"Single"
"592","1","1","female",52,1,0,78.2667,"D","C","51-60","31-99","Mrs.",2,"SmallFam"
"593","0","3","male",47,0,0,7.25,"N","S","41-50","0-8","Mr.",1,"Single"
"594","0","3","female",27,0,2,7.75,"N","Q","21-30","0-8","Miss.",3,"SmallFam"
"595","0","2","male",37,1,0,26,"N","S","31-40","15-31","Mr.",2,"SmallFam"
"596","0","3","male",36,1,1,24.15,"N","S","31-40","15-31","Mr.",3,"SmallFam"
"597","1","2","female",27,0,0,33,"N","S","21-30","31-99","Miss.",1,"Single"
"598","0","3","male",49,0,0,14,"N","S","41-50","8-15","Mr.",1,"Single"
"599","0","3","male",28,0,0,7.225,"N","C","21-30","0-8","Mr.",1,"Single"
"600","1","1","male",49,1,0,56.9292,"A","C","41-50","31-99","Otros.",2,"SmallFam"
"601","1","2","female",24,2,1,27,"N","S","21-30","15-31","Mrs.",4,"MediumFam"
"602","0","3","male",28,0,0,7.8958,"N","S","21-30","0-8","Mr.",1,"Single"
"603","0","1","male",28,0,0,42.4,"N","S","21-30","31-99","Mr.",1,"Single"
"604","0","3","male",44,0,0,8.05,"N","S","41-50","8-15","Mr.",1,"Single"
"605","1","1","male",35,0,0,26.55,"N","C","31-40","15-31","Mr.",1,"Single"
"606","0","3","male",36,1,0,15.55,"N","S","31-40","15-31","Mr.",2,"SmallFam"
"607","0","3","male",30,0,0,7.8958,"N","S","21-30","0-8","Mr.",1,"Single"
"608","1","1","male",27,0,0,30.5,"N","S","21-30","15-31","Mr.",1,"Single"
"609","1","2","female",22,1,2,41.5792,"N","C","21-30","31-99","Mrs.",4,"MediumFam"
"610","1","1","female",40,0,0,153.4625,"C","S","31-40","99-200","Miss.",1,"Single"
"611","0","3","female",39,1,5,31.275,"N","S","31-40","31-99","Mrs.",7,"LargeFam"
"612","0","3","male",28,0,0,7.05,"N","S","21-30","0-8","Mr.",1,"Single"
"613","1","3","female",27,1,0,15.5,"N","Q","21-30","15-31","Miss.",2,"SmallFam"
"614","0","3","male",28,0,0,7.75,"N","Q","21-30","0-8","Mr.",1,"Single"
"615","0","3","male",35,0,0,8.05,"N","S","31-40","8-15","Mr.",1,"Single"
"616","1","2","female",24,1,2,65,"N","S","21-30","31-99","Miss.",4,"MediumFam"
"617","0","3","male",34,1,1,14.4,"N","S","31-40","8-15","Mr.",3,"SmallFam"
"618","0","3","female",26,1,0,16.1,"N","S","21-30","15-31","Mrs.",2,"SmallFam"
"619","1","2","female",4,2,1,39,"F","S","0-10","31-99","Miss.",4,"MediumFam"
"620","0","2","male",26,0,0,10.5,"N","S","21-30","8-15","Mr.",1,"Single"
"621","0","3","male",27,1,0,14.4542,"N","C","21-30","8-15","Mr.",2,"SmallFam"
"622","1","1","male",42,1,0,52.5542,"D","S","41-50","31-99","Mr.",2,"SmallFam"
"623","1","3","male",20,1,1,15.7417,"N","C","11-20","15-31","Mr.",3,"SmallFam"
"624","0","3","male",21,0,0,7.8542,"N","S","21-30","0-8","Mr.",1,"Single"
"625","0","3","male",21,0,0,16.1,"N","S","21-30","15-31","Mr.",1,"Single"
"626","0","1","male",61,0,0,32.3208,"D","S","61-70","31-99","Mr.",1,"Single"
"627","0","2","male",57,0,0,12.35,"N","Q","51-60","8-15","Otros.",1,"Single"
"628","1","1","female",21,0,0,77.9583,"D","S","21-30","31-99","Miss.",1,"Single"
"629","0","3","male",26,0,0,7.8958,"N","S","21-30","0-8","Mr.",1,"Single"
"630","0","3","male",28,0,0,7.7333,"N","Q","21-30","0-8","Mr.",1,"Single"
"631","1","1","male",80,0,0,30,"A","S","71-80","15-31","Mr.",1,"Single"
"632","0","3","male",51,0,0,7.0542,"N","S","51-60","0-8","Mr.",1,"Single"
"633","1","1","male",32,0,0,30.5,"B","C","31-40","15-31","Otros.",1,"Single"
"634","0","1","male",28,0,0,72,"N","S","21-30","31-99","Mr.",1,"Single"
"635","0","3","female",9,3,2,27.9,"N","S","0-10","15-31","Miss.",6,"LargeFam"
"636","1","2","female",28,0,0,13,"N","S","21-30","8-15","Miss.",1,"Single"
"637","0","3","male",32,0,0,7.925,"N","S","31-40","0-8","Mr.",1,"Single"
"638","0","2","male",31,1,1,26.25,"N","S","31-40","15-31","Mr.",3,"SmallFam"
"639","0","3","female",41,0,5,39.6875,"N","S","41-50","31-99","Mrs.",6,"LargeFam"
"640","0","3","male",28,1,0,16.1,"N","S","21-30","15-31","Mr.",2,"SmallFam"
"641","0","3","male",20,0,0,7.8542,"N","S","11-20","0-8","Mr.",1,"Single"
"642","1","1","female",24,0,0,69.3,"B","C","21-30","31-99","Otros.",1,"Single"
"643","0","3","female",2,3,2,27.9,"N","S","0-10","15-31","Miss.",6,"LargeFam"
"644","1","3","male",28,0,0,56.4958,"N","S","21-30","31-99","Mr.",1,"Single"
"645","1","3","female",0.75,2,1,19.2583,"N","C","0-10","15-31","Miss.",4,"MediumFam"
"646","1","1","male",48,1,0,76.7292,"D","C","41-50","31-99","Mr.",2,"SmallFam"
"647","0","3","male",19,0,0,7.8958,"N","S","11-20","0-8","Mr.",1,"Single"
"648","1","1","male",56,0,0,35.5,"A","C","51-60","31-99","Otros.",1,"Single"
"649","0","3","male",28,0,0,7.55,"N","S","21-30","0-8","Mr.",1,"Single"
"650","1","3","female",23,0,0,7.55,"N","S","21-30","0-8","Miss.",1,"Single"
"651","0","3","male",28,0,0,7.8958,"N","S","21-30","0-8","Mr.",1,"Single"
"652","1","2","female",18,0,1,23,"N","S","11-20","15-31","Miss.",2,"SmallFam"
"653","0","3","male",21,0,0,8.4333,"N","S","21-30","8-15","Mr.",1,"Single"
"654","1","3","female",27,0,0,7.8292,"N","Q","21-30","0-8","Miss.",1,"Single"
"655","0","3","female",18,0,0,6.75,"N","Q","11-20","0-8","Miss.",1,"Single"
"656","0","2","male",24,2,0,73.5,"N","S","21-30","31-99","Mr.",3,"SmallFam"
"657","0","3","male",28,0,0,7.8958,"N","S","21-30","0-8","Mr.",1,"Single"
"658","0","3","female",32,1,1,15.5,"N","Q","31-40","15-31","Mrs.",3,"SmallFam"
"659","0","2","male",23,0,0,13,"N","S","21-30","8-15","Mr.",1,"Single"
"660","0","1","male",58,0,2,113.275,"D","C","51-60","99-200","Mr.",3,"SmallFam"
"661","1","1","male",50,2,0,133.65,"N","S","41-50","99-200","Otros.",3,"SmallFam"
"662","0","3","male",40,0,0,7.225,"N","C","31-40","0-8","Mr.",1,"Single"
"663","0","1","male",47,0,0,25.5875,"E","S","41-50","15-31","Mr.",1,"Single"
"664","0","3","male",36,0,0,7.4958,"N","S","31-40","0-8","Mr.",1,"Single"
"665","1","3","male",20,1,0,7.925,"N","S","11-20","0-8","Mr.",2,"SmallFam"
"666","0","2","male",32,2,0,73.5,"N","S","31-40","31-99","Mr.",3,"SmallFam"
"667","0","2","male",25,0,0,13,"N","S","21-30","8-15","Mr.",1,"Single"
"668","0","3","male",28,0,0,7.775,"N","S","21-30","0-8","Mr.",1,"Single"
"669","0","3","male",43,0,0,8.05,"N","S","41-50","8-15","Mr.",1,"Single"
"670","1","1","female",27,1,0,52,"C","S","21-30","31-99","Mrs.",2,"SmallFam"
"671","1","2","female",40,1,1,39,"N","S","31-40","31-99","Mrs.",3,"SmallFam"
"672","0","1","male",31,1,0,52,"B","S","31-40","31-99","Mr.",2,"SmallFam"
"673","0","2","male",70,0,0,10.5,"N","S","61-70","8-15","Mr.",1,"Single"
"674","1","2","male",31,0,0,13,"N","S","31-40","8-15","Mr.",1,"Single"
"675","0","2","male",28,0,0,21,"N","S","21-30","15-31","Mr.",1,"Single"
"676","0","3","male",18,0,0,7.775,"N","S","11-20","0-8","Mr.",1,"Single"
"677","0","3","male",24.5,0,0,8.05,"N","S","21-30","8-15","Mr.",1,"Single"
"678","1","3","female",18,0,0,9.8417,"N","S","11-20","8-15","Miss.",1,"Single"
"679","0","3","female",43,1,6,46.9,"N","S","41-50","31-99","Mrs.",8,"LargeFam"
"680","1","1","male",36,0,1,512.3292,"B","C","31-40","200-600","Mr.",2,"SmallFam"
"681","0","3","female",27,0,0,8.1375,"N","Q","21-30","8-15","Miss.",1,"Single"
"682","1","1","male",27,0,0,76.7292,"D","C","21-30","31-99","Mr.",1,"Single"
"683","0","3","male",20,0,0,9.225,"N","S","11-20","8-15","Mr.",1,"Single"
"684","0","3","male",14,5,2,46.9,"N","S","11-20","31-99","Mr.",8,"LargeFam"
"685","0","2","male",60,1,1,39,"N","S","51-60","31-99","Mr.",3,"SmallFam"
"686","0","2","male",25,1,2,41.5792,"N","C","21-30","31-99","Mr.",4,"MediumFam"
"687","0","3","male",14,4,1,39.6875,"N","S","11-20","31-99","Mr.",6,"LargeFam"
"688","0","3","male",19,0,0,10.1708,"N","S","11-20","8-15","Mr.",1,"Single"
"689","0","3","male",18,0,0,7.7958,"N","S","11-20","0-8","Mr.",1,"Single"
"690","1","1","female",15,0,1,211.3375,"B","S","11-20","200-600","Miss.",2,"SmallFam"
"691","1","1","male",31,1,0,57,"B","S","31-40","31-99","Mr.",2,"SmallFam"
"692","1","3","female",4,0,1,13.4167,"N","C","0-10","8-15","Miss.",2,"SmallFam"
"693","1","3","male",28,0,0,56.4958,"N","S","21-30","31-99","Mr.",1,"Single"
"694","0","3","male",25,0,0,7.225,"N","C","21-30","0-8","Mr.",1,"Single"
"695","0","1","male",60,0,0,26.55,"N","S","51-60","15-31","Otros.",1,"Single"
"696","0","2","male",52,0,0,13.5,"N","S","51-60","8-15","Mr.",1,"Single"
"697","0","3","male",44,0,0,8.05,"N","S","41-50","8-15","Mr.",1,"Single"
"698","1","3","female",27,0,0,7.7333,"N","Q","21-30","0-8","Miss.",1,"Single"
"699","0","1","male",49,1,1,110.8833,"C","C","41-50","99-200","Mr.",3,"SmallFam"
"700","0","3","male",42,0,0,7.65,"F","S","41-50","0-8","Mr.",1,"Single"
"701","1","1","female",18,1,0,227.525,"C","C","11-20","200-600","Mrs.",2,"SmallFam"
"702","1","1","male",35,0,0,26.2875,"E","S","31-40","15-31","Mr.",1,"Single"
"703","0","3","female",18,0,1,14.4542,"N","C","11-20","8-15","Miss.",2,"SmallFam"
"704","0","3","male",25,0,0,7.7417,"N","Q","21-30","0-8","Mr.",1,"Single"
"705","0","3","male",26,1,0,7.8542,"N","S","21-30","0-8","Mr.",2,"SmallFam"
"706","0","2","male",39,0,0,26,"N","S","31-40","15-31","Mr.",1,"Single"
"707","1","2","female",45,0,0,13.5,"N","S","41-50","8-15","Mrs.",1,"Single"
"708","1","1","male",42,0,0,26.2875,"E","S","41-50","15-31","Mr.",1,"Single"
"709","1","1","female",22,0,0,151.55,"N","S","21-30","99-200","Miss.",1,"Single"
"710","1","3","male",28,1,1,15.2458,"N","C","21-30","15-31","Master.",3,"SmallFam"
"711","1","1","female",24,0,0,49.5042,"C","C","21-30","31-99","Otros.",1,"Single"
"712","0","1","male",28,0,0,26.55,"C","S","21-30","15-31","Mr.",1,"Single"
"713","1","1","male",48,1,0,52,"C","S","41-50","31-99","Mr.",2,"SmallFam"
"714","0","3","male",29,0,0,9.4833,"N","S","21-30","8-15","Mr.",1,"Single"
"715","0","2","male",52,0,0,13,"N","S","51-60","8-15","Mr.",1,"Single"
"716","0","3","male",19,0,0,7.65,"F","S","11-20","0-8","Mr.",1,"Single"
"717","1","1","female",38,0,0,227.525,"C","C","31-40","200-600","Miss.",1,"Single"
"718","1","2","female",27,0,0,10.5,"E","S","21-30","8-15","Miss.",1,"Single"
"719","0","3","male",28,0,0,15.5,"N","Q","21-30","15-31","Mr.",1,"Single"
"720","0","3","male",33,0,0,7.775,"N","S","31-40","0-8","Mr.",1,"Single"
"721","1","2","female",6,0,1,33,"N","S","0-10","31-99","Miss.",2,"SmallFam"
"722","0","3","male",17,1,0,7.0542,"N","S","11-20","0-8","Mr.",2,"SmallFam"
"723","0","2","male",34,0,0,13,"N","S","31-40","8-15","Mr.",1,"Single"
"724","0","2","male",50,0,0,13,"N","S","41-50","8-15","Mr.",1,"Single"
"725","1","1","male",27,1,0,53.1,"E","S","21-30","31-99","Mr.",2,"SmallFam"
"726","0","3","male",20,0,0,8.6625,"N","S","11-20","8-15","Mr.",1,"Single"
"727","1","2","female",30,3,0,21,"N","S","21-30","15-31","Mrs.",4,"MediumFam"
"728","1","3","female",27,0,0,7.7375,"N","Q","21-30","0-8","Miss.",1,"Single"
"729","0","2","male",25,1,0,26,"N","S","21-30","15-31","Mr.",2,"SmallFam"
"730","0","3","female",25,1,0,7.925,"N","S","21-30","0-8","Miss.",2,"SmallFam"
"731","1","1","female",29,0,0,211.3375,"B","S","21-30","200-600","Miss.",1,"Single"
"732","0","3","male",11,0,0,18.7875,"N","C","11-20","15-31","Mr.",1,"Single"
"733","0","2","male",28,0,0,21,"N","S","21-30","15-31","Mr.",1,"Single"
"734","0","2","male",23,0,0,13,"N","S","21-30","8-15","Mr.",1,"Single"
"735","0","2","male",23,0,0,13,"N","S","21-30","8-15","Mr.",1,"Single"
"736","0","3","male",28.5,0,0,16.1,"N","S","21-30","15-31","Mr.",1,"Single"
"737","0","3","female",48,1,3,34.375,"N","S","41-50","31-99","Mrs.",5,"MediumFam"
"738","1","1","male",35,0,0,512.3292,"B","C","31-40","200-600","Mr.",1,"Single"
"739","0","3","male",28,0,0,7.8958,"N","S","21-30","0-8","Mr.",1,"Single"
"740","0","3","male",28,0,0,7.8958,"N","S","21-30","0-8","Mr.",1,"Single"
"741","1","1","male",28,0,0,30,"D","S","21-30","15-31","Mr.",1,"Single"
"742","0","1","male",36,1,0,78.85,"C","S","31-40","31-99","Mr.",2,"SmallFam"
"743","1","1","female",21,2,2,262.375,"B","C","21-30","200-600","Miss.",5,"MediumFam"
"744","0","3","male",24,1,0,16.1,"N","S","21-30","15-31","Mr.",2,"SmallFam"
"745","1","3","male",31,0,0,7.925,"N","S","31-40","0-8","Mr.",1,"Single"
"746","0","1","male",70,1,1,71,"B","S","61-70","31-99","Otros.",3,"SmallFam"
"747","0","3","male",16,1,1,20.25,"N","S","11-20","15-31","Mr.",3,"SmallFam"
"748","1","2","female",30,0,0,13,"N","S","21-30","8-15","Miss.",1,"Single"
"749","0","1","male",19,1,0,53.1,"D","S","11-20","31-99","Mr.",2,"SmallFam"
"750","0","3","male",31,0,0,7.75,"N","Q","31-40","0-8","Mr.",1,"Single"
"751","1","2","female",4,1,1,23,"N","S","0-10","15-31","Miss.",3,"SmallFam"
"752","1","3","male",6,0,1,12.475,"E","S","0-10","8-15","Master.",2,"SmallFam"
"753","0","3","male",33,0,0,9.5,"N","S","31-40","8-15","Mr.",1,"Single"
"754","0","3","male",23,0,0,7.8958,"N","S","21-30","0-8","Mr.",1,"Single"
"755","1","2","female",48,1,2,65,"N","S","41-50","31-99","Mrs.",4,"MediumFam"
"756","1","2","male",0.67,1,1,14.5,"N","S","0-10","8-15","Master.",3,"SmallFam"
"757","0","3","male",28,0,0,7.7958,"N","S","21-30","0-8","Mr.",1,"Single"
"758","0","2","male",18,0,0,11.5,"N","S","11-20","8-15","Mr.",1,"Single"
"759","0","3","male",34,0,0,8.05,"N","S","31-40","8-15","Mr.",1,"Single"
"760","1","1","female",33,0,0,86.5,"B","S","31-40","31-99","Otros.",1,"Single"
"761","0","3","male",28,0,0,14.5,"N","S","21-30","8-15","Mr.",1,"Single"
"762","0","3","male",41,0,0,7.125,"N","S","41-50","0-8","Mr.",1,"Single"
"763","1","3","male",20,0,0,7.2292,"N","C","11-20","0-8","Mr.",1,"Single"
"764","1","1","female",36,1,2,120,"B","S","31-40","99-200","Mrs.",4,"MediumFam"
"765","0","3","male",16,0,0,7.775,"N","S","11-20","0-8","Mr.",1,"Single"
"766","1","1","female",51,1,0,77.9583,"D","S","51-60","31-99","Mrs.",2,"SmallFam"
"767","0","1","male",28,0,0,39.6,"N","C","21-30","31-99","Otros.",1,"Single"
"768","0","3","female",30.5,0,0,7.75,"N","Q","31-40","0-8","Miss.",1,"Single"
"769","0","3","male",28,1,0,24.15,"N","Q","21-30","15-31","Mr.",2,"SmallFam"
"770","0","3","male",32,0,0,8.3625,"N","S","31-40","8-15","Mr.",1,"Single"
"771","0","3","male",24,0,0,9.5,"N","S","21-30","8-15","Mr.",1,"Single"
"772","0","3","male",48,0,0,7.8542,"N","S","41-50","0-8","Mr.",1,"Single"
"773","0","2","female",57,0,0,10.5,"E","S","51-60","8-15","Mrs.",1,"Single"
"774","0","3","male",28,0,0,7.225,"N","C","21-30","0-8","Mr.",1,"Single"
"775","1","2","female",54,1,3,23,"N","S","51-60","15-31","Mrs.",5,"MediumFam"
"776","0","3","male",18,0,0,7.75,"N","S","11-20","0-8","Mr.",1,"Single"
"777","0","3","male",28,0,0,7.75,"F","Q","21-30","0-8","Mr.",1,"Single"
"778","1","3","female",5,0,0,12.475,"N","S","0-10","8-15","Miss.",1,"Single"
"779","0","3","male",28,0,0,7.7375,"N","Q","21-30","0-8","Mr.",1,"Single"
"780","1","1","female",43,0,1,211.3375,"B","S","41-50","200-600","Mrs.",2,"SmallFam"
"781","1","3","female",13,0,0,7.2292,"N","C","11-20","0-8","Miss.",1,"Single"
"782","1","1","female",17,1,0,57,"B","S","11-20","31-99","Mrs.",2,"SmallFam"
"783","0","1","male",29,0,0,30,"D","S","21-30","15-31","Mr.",1,"Single"
"784","0","3","male",28,1,2,23.45,"N","S","21-30","15-31","Mr.",4,"MediumFam"
"785","0","3","male",25,0,0,7.05,"N","S","21-30","0-8","Mr.",1,"Single"
"786","0","3","male",25,0,0,7.25,"N","S","21-30","0-8","Mr.",1,"Single"
"787","1","3","female",18,0,0,7.4958,"N","S","11-20","0-8","Miss.",1,"Single"
"788","0","3","male",8,4,1,29.125,"N","Q","0-10","15-31","Master.",6,"LargeFam"
"789","1","3","male",1,1,2,20.575,"N","S","0-10","15-31","Master.",4,"MediumFam"
"790","0","1","male",46,0,0,79.2,"B","C","41-50","31-99","Mr.",1,"Single"
"791","0","3","male",28,0,0,7.75,"N","Q","21-30","0-8","Mr.",1,"Single"
"792","0","2","male",16,0,0,26,"N","S","11-20","15-31","Mr.",1,"Single"
"793","0","3","female",27,8,2,69.55,"N","S","21-30","31-99","Miss.",11,"LargeFam"
"794","0","1","male",28,0,0,30.6958,"N","C","21-30","15-31","Mr.",1,"Single"
"795","0","3","male",25,0,0,7.8958,"N","S","21-30","0-8","Mr.",1,"Single"
"796","0","2","male",39,0,0,13,"N","S","31-40","8-15","Mr.",1,"Single"
"797","1","1","female",49,0,0,25.9292,"D","S","41-50","15-31","Otros.",1,"Single"
"798","1","3","female",31,0,0,8.6833,"N","S","31-40","8-15","Mrs.",1,"Single"
"799","0","3","male",30,0,0,7.2292,"N","C","21-30","0-8","Mr.",1,"Single"
"800","0","3","female",30,1,1,24.15,"N","S","21-30","15-31","Mrs.",3,"SmallFam"
"801","0","2","male",34,0,0,13,"N","S","31-40","8-15","Mr.",1,"Single"
"802","1","2","female",31,1,1,26.25,"N","S","31-40","15-31","Mrs.",3,"SmallFam"
"803","1","1","male",11,1,2,120,"B","S","11-20","99-200","Master.",4,"MediumFam"
"804","1","3","male",0.42,0,1,8.5167,"N","C","0-10","8-15","Master.",2,"SmallFam"
"805","1","3","male",27,0,0,6.975,"N","S","21-30","0-8","Mr.",1,"Single"
"806","0","3","male",31,0,0,7.775,"N","S","31-40","0-8","Mr.",1,"Single"
"807","0","1","male",39,0,0,72,"A","S","31-40","31-99","Mr.",1,"Single"
"808","0","3","female",18,0,0,7.775,"N","S","11-20","0-8","Miss.",1,"Single"
"809","0","2","male",39,0,0,13,"N","S","31-40","8-15","Mr.",1,"Single"
"810","1","1","female",33,1,0,53.1,"E","S","31-40","31-99","Mrs.",2,"SmallFam"
"811","0","3","male",26,0,0,7.8875,"N","S","21-30","0-8","Mr.",1,"Single"
"812","0","3","male",39,0,0,24.15,"N","S","31-40","15-31","Mr.",1,"Single"
"813","0","2","male",35,0,0,10.5,"N","S","31-40","8-15","Mr.",1,"Single"
"814","0","3","female",6,4,2,31.275,"N","S","0-10","31-99","Miss.",7,"LargeFam"
"815","0","3","male",30.5,0,0,8.05,"N","S","31-40","8-15","Mr.",1,"Single"
"816","0","1","male",28,0,0,72,"B","S","21-30","31-99","Mr.",1,"Single"
"817","0","3","female",23,0,0,7.925,"N","S","21-30","0-8","Miss.",1,"Single"
"818","0","2","male",31,1,1,37.0042,"N","C","31-40","31-99","Mr.",3,"SmallFam"
"819","0","3","male",43,0,0,6.45,"N","S","41-50","0-8","Mr.",1,"Single"
"820","0","3","male",10,3,2,27.9,"N","S","0-10","15-31","Master.",6,"LargeFam"
"821","1","1","female",52,1,1,93.5,"B","S","51-60","31-99","Mrs.",3,"SmallFam"
"822","1","3","male",27,0,0,8.6625,"N","S","21-30","8-15","Mr.",1,"Single"
"823","0","1","male",38,0,0,72,"N","S","31-40","31-99","Otros.",1,"Single"
"824","1","3","female",27,0,1,12.475,"E","S","21-30","8-15","Mrs.",2,"SmallFam"
"825","0","3","male",2,4,1,39.6875,"N","S","0-10","31-99","Master.",6,"LargeFam"
"826","0","3","male",28,0,0,6.95,"N","Q","21-30","0-8","Mr.",1,"Single"
"827","0","3","male",28,0,0,56.4958,"N","S","21-30","31-99","Mr.",1,"Single"
"828","1","2","male",1,0,2,37.0042,"N","C","0-10","31-99","Master.",3,"SmallFam"
"829","1","3","male",28,0,0,7.75,"N","Q","21-30","0-8","Mr.",1,"Single"
"830","1","1","female",62,0,0,80,"B","S","61-70","31-99","Mrs.",1,"Single"
"831","1","3","female",15,1,0,14.4542,"N","C","11-20","8-15","Mrs.",2,"SmallFam"
"832","1","2","male",0.83,1,1,18.75,"N","S","0-10","15-31","Master.",3,"SmallFam"
"833","0","3","male",28,0,0,7.2292,"N","C","21-30","0-8","Mr.",1,"Single"
"834","0","3","male",23,0,0,7.8542,"N","S","21-30","0-8","Mr.",1,"Single"
"835","0","3","male",18,0,0,8.3,"N","S","11-20","8-15","Mr.",1,"Single"
"836","1","1","female",39,1,1,83.1583,"E","C","31-40","31-99","Miss.",3,"SmallFam"
"837","0","3","male",21,0,0,8.6625,"N","S","21-30","8-15","Mr.",1,"Single"
"838","0","3","male",28,0,0,8.05,"N","S","21-30","8-15","Mr.",1,"Single"
"839","1","3","male",32,0,0,56.4958,"N","S","31-40","31-99","Mr.",1,"Single"
"840","1","1","male",28,0,0,29.7,"C","C","21-30","15-31","Mr.",1,"Single"
"841","0","3","male",20,0,0,7.925,"N","S","11-20","0-8","Mr.",1,"Single"
"842","0","2","male",16,0,0,10.5,"N","S","11-20","8-15","Mr.",1,"Single"
"843","1","1","female",30,0,0,31,"N","C","21-30","15-31","Miss.",1,"Single"
"844","0","3","male",34.5,0,0,6.4375,"N","C","31-40","0-8","Mr.",1,"Single"
"845","0","3","male",17,0,0,8.6625,"N","S","11-20","8-15","Mr.",1,"Single"
"846","0","3","male",42,0,0,7.55,"N","S","41-50","0-8","Mr.",1,"Single"
"847","0","3","male",28,8,2,69.55,"N","S","21-30","31-99","Mr.",11,"LargeFam"
"848","0","3","male",35,0,0,7.8958,"N","C","31-40","0-8","Mr.",1,"Single"
"849","0","2","male",28,0,1,33,"N","S","21-30","31-99","Otros.",2,"SmallFam"
"850","1","1","female",27,1,0,89.1042,"C","C","21-30","31-99","Mrs.",2,"SmallFam"
"851","0","3","male",4,4,2,31.275,"N","S","0-10","31-99","Master.",7,"LargeFam"
"852","0","3","male",74,0,0,7.775,"N","S","71-80","0-8","Mr.",1,"Single"
"853","0","3","female",9,1,1,15.2458,"N","C","0-10","15-31","Miss.",3,"SmallFam"
"854","1","1","female",16,0,1,39.4,"D","S","11-20","31-99","Miss.",2,"SmallFam"
"855","0","2","female",44,1,0,26,"N","S","41-50","15-31","Mrs.",2,"SmallFam"
"856","1","3","female",18,0,1,9.35,"N","S","11-20","8-15","Mrs.",2,"SmallFam"
"857","1","1","female",45,1,1,164.8667,"N","S","41-50","99-200","Mrs.",3,"SmallFam"
"858","1","1","male",51,0,0,26.55,"E","S","51-60","15-31","Mr.",1,"Single"
"859","1","3","female",24,0,3,19.2583,"N","C","21-30","15-31","Mrs.",4,"MediumFam"
"860","0","3","male",28,0,0,7.2292,"N","C","21-30","0-8","Mr.",1,"Single"
"861","0","3","male",41,2,0,14.1083,"N","S","41-50","8-15","Mr.",3,"SmallFam"
"862","0","2","male",21,1,0,11.5,"N","S","21-30","8-15","Mr.",2,"SmallFam"
"863","1","1","female",48,0,0,25.9292,"D","S","41-50","15-31","Mrs.",1,"Single"
"864","0","3","female",27,8,2,69.55,"N","S","21-30","31-99","Miss.",11,"LargeFam"
"865","0","2","male",24,0,0,13,"N","S","21-30","8-15","Mr.",1,"Single"
"866","1","2","female",42,0,0,13,"N","S","41-50","8-15","Mrs.",1,"Single"
"867","1","2","female",27,1,0,13.8583,"N","C","21-30","8-15","Miss.",2,"SmallFam"
"868","0","1","male",31,0,0,50.4958,"A","S","31-40","31-99","Mr.",1,"Single"
"869","0","3","male",28,0,0,9.5,"N","S","21-30","8-15","Mr.",1,"Single"
"870","1","3","male",4,1,1,11.1333,"N","S","0-10","8-15","Master.",3,"SmallFam"
"871","0","3","male",26,0,0,7.8958,"N","S","21-30","0-8","Mr.",1,"Single"
"872","1","1","female",47,1,1,52.5542,"D","S","41-50","31-99","Mrs.",3,"SmallFam"
"873","0","1","male",33,0,0,5,"B","S","31-40","0-8","Mr.",1,"Single"
"874","0","3","male",47,0,0,9,"N","S","41-50","8-15","Mr.",1,"Single"
"875","1","2","female",28,1,0,24,"N","C","21-30","15-31","Mrs.",2,"SmallFam"
"876","1","3","female",15,0,0,7.225,"N","C","11-20","0-8","Miss.",1,"Single"
"877","0","3","male",20,0,0,9.8458,"N","S","11-20","8-15","Mr.",1,"Single"
"878","0","3","male",19,0,0,7.8958,"N","S","11-20","0-8","Mr.",1,"Single"
"879","0","3","male",28,0,0,7.8958,"N","S","21-30","0-8","Mr.",1,"Single"
"880","1","1","female",56,0,1,83.1583,"C","C","51-60","31-99","Mrs.",2,"SmallFam"
"881","1","2","female",25,0,1,26,"N","S","21-30","15-31","Mrs.",2,"SmallFam"
"882","0","3","male",33,0,0,7.8958,"N","S","31-40","0-8","Mr.",1,"Single"
"883","0","3","female",22,0,0,10.5167,"N","S","21-30","8-15","Miss.",1,"Single"
"884","0","2","male",28,0,0,10.5,"N","S","21-30","8-15","Mr.",1,"Single"
"885","0","3","male",25,0,0,7.05,"N","S","21-30","0-8","Mr.",1,"Single"
"886","0","3","female",39,0,5,29.125,"N","Q","31-40","15-31","Mrs.",6,"LargeFam"
"887","0","2","male",27,0,0,13,"N","S","21-30","8-15","Otros.",1,"Single"
"888","1","1","female",19,0,0,30,"B","S","11-20","15-31","Miss.",1,"Single"
"889","0","3","female",27,1,2,23.45,"N","S","21-30","15-31","Miss.",4,"MediumFam"
"890","1","1","male",26,0,0,30,"C","C","21-30","15-31","Mr.",1,"Single"
"891","0","3","male",32,0,0,7.75,"N","Q","31-40","0-8","Mr.",1,"Single"
